SRC_STATE,COMPANY,ADDRESS,CITY,STALP,ZIP
FL,10 PAYDAY LLC,4812 W COMMERCIAL BLVD,TAMARAC,FL,33319
FL,1966 FOODS INC,2602 W KENNEDY BLVD,TAMPA,FL,33609
FL,"1MONEY USA, INC.",575 5TH AVENUE,NEW YORK,NY,10017
FL,2 GG ENTERPRISES LLC,28945 S DIXIE HWY,HOMESTEAD,FL,33033
FL,201 N 10TH ST CORP,201 N. 10TH STREET,HAINES CITY,FL,33844
FL,256H LLC,1032 E BRANDON BLVD,BRANDON,FL,33511
FL,4PF CAPITAL CORP,1701 W HILLSBORO BLVD STE 205,DEERFIELD BEACH,FL,33442
FL,92 EAST INC,2424 E US HIGHWAY 92,PLANT CITY,FL,33566
FL,A & E LA NUMERO 1 INC,4019 PALM BEACH BLVD,FORT MYERS,FL,33916
FL,"A AND M SERVICES USA, LLC",8040 NW 95 ST UNIT 103,HIALEAH GARDENS,FL,33016
FL,A S L INVESTMENTS FL LLC,8881 PEMBROKE RD,PEMBROKE PINES,FL,33025
FL,"A TU SERVICIO, INC.",874 N. KROME AVENUE,HOMESTEAD,FL,33030
FL,A&C TRADING SERVICE INC,3634 WEBBER ST,SARASOTA,FL,34232
FL,A&Q INC,6980 WEST MCNAB  SUITE D,TAMARAC,FL,33321
FL,AANYA INVESTMENTS LLC,887 W BROADWAY ST,OVIEDO,FL,32765
FL,ABSOLUTE MONEY TRANSFERS INC,5605 INTERNATIONAL DR,ORLANDO,FL,32819
FL,ABUID TAX SERVICES INC,543 W LUCY ST,FLORIDA CITY,FL,33034
FL,ACCESS CHECK CASHING LLC,4288 SW 64TH AVE,DAVIE,FL,33314
FL,ACE MART ENVIOS INC,4902 GOLDEN GATE PKWY,NAPLES,FL,34116
FL,"ACE PAYMENT SERVICES, INC.",300 E. JOHN CARPENTER FWY,IRVING,TX,75062
FL,"ACI PAYMENTS, INC.",3550 ENGINEERING DRIVE,NORCROSS,GA,30092
FL,ACTIVE GROUP SOLUTIONS INC,106 SW 5 AVENUE UNIT B1/B2,HOMESTEAD,FL,33030
FL,ADM PAY INC,515 N FLAGLER DRIVE,WEST PALM BEACH,FL,33401
FL,"ADVANCE AMERICA, CASH ADVANCE CENTERS OF FLORIDA, LLC",135 NORTH CHURCH STREET,SPARTANBURG,SC,29306
FL,ADVANCED GROUP INC,500 W SAMPLE ROAD,POMPANO BEACH,FL,33064
FL,AFFIRM PAYMENTS LLC,650 CALIFORNIA ST.,SAN FRANCISCO,CA,94108
FL,"AFRICA PAY PLUS, LLC",7901 4TH ST N STE 28737,SAINT PETERSBURG,FL,33702
FL,AFRICA REMITTANCE COMPANY LLC,2828 KENNEDY BLVD. SUITE 203,JERSEY CITY,NJ,07306
FL,"AIRBNB PAYMENTS, INC.",888 BRANNAN STREET,SAN FRANCISCO,CA,94103
FL,"AIRWALLEX US, LLC",188 SPEAR STREET,SAN FRANCISCO,CA,94105
FL,AISB VENTURES INC,5801 N AUSTRALIAN AVE,WEST PALM BEACH,FL,33407
FL,AJBD FLORIDA SERVICES LLC,1190 S. CONGRESS AVE.,PALM SPRINGS,FL,33406
FL,AKSHAR INC. OF LIVE OAK,969 OHIO AVENUE,LIVE OAK,FL,32064
FL,AL TAWEL GROUP INC,1030 LAKE AVE,LAKE WORTH,FL,33460
FL,ALCES PAYMENTS HUB LLC,2980 NE 207TH STREET,MIAMI,FL,33180
FL,"ALLPAID OF DELAWARE, INC.",7820 INNOVATION BOULEVARD,INDIANAPOLIS,IN,46278
FL,"ALMOST A BANK, LLC",879 MASON AVE,DAYTONA BEACH,FL,32117
FL,ALPACA CRYPTO LLC,3 EAST THIRD AVENUE,SAN MATEO,CA,94401
FL,"AMAZON PAYMENTS, INC",410 TERRY AVE N,SEATTLE,WA,98109
FL,AMERICAN EXPRESS PREPAID CARD MANAGEMENT CORPORATION,18850 N 56TH STREET,PHOENIX,AZ,85054
FL,"AMERICAN EXPRESS TRAVEL RELATED SERVICES CO, INC.",WORLD FINANCIAL CENTER,NEW YORK,NY,10285-4902
FL,AMSCOT CORPORATION,600 N WESTSHORE BLVD,TAMPA,FL,33609
FL,ANA'S DOLLAR DISCOUNT CORP,535 SW 8TH ST,MIAMI,FL,33130
FL,ANH MINH MONEY TRANSFER INC,"9211 BOLSA AVE., SUITE 104",FOUNTAIN VALLEY,CA,92708
FL,APPLE PAYMENTS INC.,6900 W. PARMER LANE,AUSTIN,TX,78729
FL,ARKO NETWORK LTD. LLC,80 S.W. 8TH STREET,MIAMI,FL,33130
FL,ARPAN CORPORATION,1015 S. CONGRESS AVENUE,DELRAY BEACH,FL,33445-6039
FL,ASA US LLC,450 PARK AVENUE,NEW YORK,NY,10022
FL,"ASCENDANTFX CAPITAL USA, INC.",3478 BUSKIRK AVENUE,PLEASANT HILL,CA,94523
FL,ASH MULTISERVICES LLC,1921 N FEDERAL HIGHWAY,BOCA RATON,FL,33432
FL,ASURE OPERATIONS LLC,405 COLORADO STREET,AUSTIN,TX,78701
FL,"ATHENA BITCOIN, INC.",1 SE 3RD AVENUE,MIAMI,FL,33131
FL,"ATLANTIC GROCERY, INC.",3108 FLAGLER AVENUE,KEY WEST,FL,33040
FL,ATLANTIC XCHANGE LLC,5846 SCHAEFER ROAD,DEARBORN,MI,48126
FL,ATM OPS INC,1541 SUNSET DR,MIAMI,FL,33143
FL,ATOMO TECHNOLOGIES LLC,2001 NW 107TH AVE,DORAL,FL,33172
FL,"AUS MERCHANT SERVICES, INC.",525 ALMANOR AVENUE,SUNNYVALE,CA,94085
FL,AVENUE CASH LLC,2601 S BAYSHORE DR,MIAMI,FL,33133
FL,"AVIDXCHANGE, INC.",1210 AVIDXCHANGE LANE,CHARLOTTE,NC,28206
FL,AVS OF USA INC,2727 THORNHILL ROAD,AUBURNDALE,FL,33823
FL,AZTECA CORNER STORE INC.,780 W COWBOY WAY,LABELLE,FL,33935
FL,AZTECA STORE #5 INC,681 W COWBOY WAY,LABELLE,FL,33935
FL,B&B CHECK SERVICES LLC,4276 TAMIAMI TRL,PORT CHARLOTTE,FL,33952
FL,"B2C2 USA, INC",22 CORTLANDT STREET,NEW YORK,NY,10007
FL,"BAKKT FINANCIAL SOLUTIONS I, LLC",3280 PEACHTREE RD NE,ATLANTA,GA,30305
FL,BAM TRADING SERVICES INC.,252 NW 29TH STREET,MIAMI,FL,33127
FL,"BAN TRANSFER, INCORPORATED",8200 NW 41ST ST FLOOR 2,MIAMI,FL,33166
FL,BANYON F.S. INC,5829 HOLLYWOOD BLVD,HOLLYWOOD,FL,33021
FL,"BARRI MONEY SERVICES, LLC",10777 WESTHEIMER RD,HOUSTON,TX,77042
FL,BASCO ENTERPRISES INC,1201 E 142ND AVE,TAMPA,FL,33613
FL,BASTION PLATFORMS US LLC,"216 BOWERY, 5TH FLOOR",NEW YORK,NY,10012
FL,BB TRADE FLORIDA INC.,2000S DIXIE HWY #110,MIAMI,FL,33133
FL,BEESO CORP,2626 E. 82ND ST.,BLOOMINGTON,MN,55425
FL,BELMAN ENTERPRISES INC,1600 N. FEDERAL HWY,BOYNTON BEACH,FL,33435
FL,BENDIX PAYMENT SOLUTIONS LLC,"317 GEORGE ST, STE 209",NEW BRUNSWICK,NJ,08901
FL,BEST OPTION MIAMI LLC,3395 NW 32 AVENUE,MIAMI,FL,33142
FL,BETHEL MULTI SERVICES INC,455 WEST SILVER STAR RD,OCOEE,FL,34761
FL,"BETRLINK, LLC",250 BROADWAY,NEW YORK,NY,10007
FL,BHRAMANI CORPORATION,2005 W MAIN ST,LEESBURG,FL,34748
FL,BHUWNASHVARI INC,4469 MORRISON AVE,LAKE WORTH,FL,33463-6939
FL,BIG APPLE FINANCE LLC,48 APPLE HILL DR.,CORTLANDT MANOR,NY,10567
FL,"BILL.COM, LLC",6220 AMERICA CENTER DRIVE,SAN JOSE,CA,95002
FL,"BILLGO MT, INC.",3003 E. HARMONY RD.,FORT COLLINS,CO,80528
FL,BILT PAYMENTS LLC,31 BOND STREET,NEW YORK,NY,10012
FL,BISMILLAH MANAGEMENT SERVICES 2 LLC,4120 NW 21ST STREET,LAUDERHILL,FL,33313
FL,"BITFLYER USA, INC.","548 MARKET ST, #25696",SAN FRANCISCO,CA,94104
FL,BITGO TECHNOLOGIES LLC,2443 ASH STREET,PALO ALTO,CA,94306
FL,"BITPAY, INC.",10400 OLD ALABAMA RD CONNECTOR,ALPHARETTA,GA,30022
FL,"BITRAIL, LLC",1240 TANGELO TERRACE,DELRAY BEACH,FL,33444
FL,"BITSTAMP USA, INC.",85 WILLOW ROAD,MENLO PARK,CA,94025
FL,BIVO INC.,14551 LA RINCONADA DRIVE,LOS GATOS,CA,95032
FL,"BLACKHAWK NETWORK CALIFORNIA, INC.",6220 STONERIDGE MALL ROAD,PLEASANTON,CA,94588
FL,"BLOCK, INC.",1955 BROADWAY,OAKLAND,CA,94612
FL,"BLOCKCHAIN.COM, INC.",3500 MAPLE AVE,DALLAS,TX,75219
FL,BMI FINANCIAL SERVICES INC,2531- A  WEST SAMPLE ROAD,DEERFIELD BCH,FL,33073
FL,BNXA USA MTL INC.,1 EAST LIBERTY STREET,RENO,NV,89501
FL,BOCA RATON MARKET INC,162 NW 51ST STREET,BOCA RATON,FL,33431
FL,BONNIE FAMILY LLC,9860 W. BOYNTON BEACH BLVD,BOYNTON BEACH,FL,33437
FL,BOOKING HOLDINGS FINANCIAL SERVICES USA LLC,3201 OLYMPUS BLVD.,COPPELL,TX,75019
FL,BRALE INC.,"1301 LOCUST STREET, SUITE C",DES MOINES,IA,50309
FL,BRANFORD MART INC,403 US HWY 27 SW,BRANFORD,FL,32008
FL,BRAZJET EXPRESS INC.,577 E SAMPLE RD,POMPANO BEACH,FL,33064
FL,BREX PAYMENTS LLC,650 S 500 W.,SALT LAKE CITY,UT,84101
FL,BRIDGE BUILDING INC.,2120 UNIVERSITY AVENUE,BERKELEY,CA,94704
FL,BRINK'S INCORPORATED,555 DIVIDEND DR,COPPELL,TX,75019-4963
FL,BROADWAY BP PETROLEUM INC,4415 BROADWAY AVENUE,WEST PALM BEACH,FL,33407
FL,BROWARD USA GROUP INC,3306 W BROWARD BLVD,FT LAUDERDALE,FL,33312
FL,"BUCKEYE CHECK CASHING OF FLORIDA, INC.","6785 BOBCAT WAY, SUITE 200",DUBLIN,OH,43016
FL,BULLISH US OPERATIONS LLC,"61 NINTH AVENUE, 5TH FLOOR",NEW YORK,NY,10011
FL,"BYTE FEDERAL, INC.",795 COMMERCE DR,VENICE,FL,34292
FL,"C&G MIAMI SERVICES, INC.",9646 SW 72 STREET,MIAMI,FL,33173
FL,CALEB AND BROWN LIMITED INC,200 E LAS OLAS BLVD,FORT LAUDERDALE,FL,33301
FL,CALIZA FINANCIAL TECHNOLOGIES INC.,1395 BRICKELL AVENUE,MIAMI,FL,33131
FL,CAMBIOREAL INCORPORATED,30 PRESTBURY SQ - SUITE 323,NEWARK,DE,19713
FL,CAMBRIDGE MERCANTILE CORP (U.S.A),300 PARK AVENUE,NEW YORK,NY,10022
FL,CARBON CREDIT MARKET LLC,235 PALM COAST PKWY,PALM COAST,FL,32137
FL,CARIBBEAN AIRMAIL INC,9425 SUNSET DR,MIAMI,FL,33173
FL,CARIBBEAN FUELS INC,19900 SW 177TH AVE,MIAMI,FL,33187-2623
FL,CARIBBEAN MARKET AND FARM INC,1446 N PINE HILLS RD,ORLANDO,FL,32808
FL,CASA MAYA ENVIOS LLC,6059 ST AGUSTINE RD,JACKSONVILLE,FL,32217
FL,CASH & PAY INC,2106 NW 17TH AVE,MIAMI,FL,33142
FL,CASH ANY CHECKS INC,5122 N PALAFOX STREET,PENSACOLA,FL,32505
FL,CASHELA INC.,801 BRICKELL BAY DRIVE,MIAMI,FL,33131
FL,"CATAYU BROTHERS, INC",3954 SUNCREST RD,GREENACRES,FL,33467
FL,CATAYU FOOD STORE INC,4927 SOUTHERN BLVD,WEST PALM BEACH,FL,33415
FL,"CATAYU NORTH, INC",812 N OLD DIXIE HIGHWAY,JUPITER,FL,33458
FL,"CATAYU WEST, INC",3819 WESTGATE AVENUE STE 8,WEST PALM BEACH,FL,33409
FL,"CAUSEWAY FOOD STORE, INC.",7710 CAUSEWAY BLVD.,TAMPA,FL,33619
FL,CENTRAL DE ENVIOS #1 INC,11504 TAMIAMI TRL E,NAPLES,FL,34113
FL,CEX.IO CORP.,100 SE 2ND ST,MIAMI,FL,33131
FL,CEZFINANCIAL LLC,7901 4TH ST N STE 300,SAINT PETERSBURG,FL,33702
FL,CGE SERVICES CORP.,2401 NW 3RD AVE,WILTON MANORS,FL,33311
FL,CHACKO'S INC,511 SOUTH PARROTT AVE.,OKEECHOBEE,FL,34974
FL,"CHECK 'N GO OF FLORIDA, INC.",7755 MONTGOMERY ROAD,CINCINNATI,OH,45236
FL,CHECK CASHING & LOANS INC.,8040 W MCNAB RD SUITE A,NORTH LAUDERDALE,FL,33068
FL,CHECK CASHING MIAMI INC,7378 SW 42 STREET,MIAMI,FL,33155
FL,"CHECK MART OF FLORIDA, INC.",2078 N. UNIVERSITY DRIVE,SUNRISE,FL,33322
FL,CHECK PAYMENTS LLC,36 EAST 20TH STREET,NEW YORK,NY,10003
FL,CHECKFREEPAY CORPORATION,15 STERLING DR,WALLINGFORD,CT,06492-7544
FL,"CHECKOUT US, INC.",40 10TH AVENUE,NEW YORK,NY,10014
FL,"CHECKSMART MONEY ORDER SERVICES, INC.",2312 E. TRINITY MILLS ROAD,CARROLLTON,TX,75006
FL,"CHIME PAYMENTS, INC.",101 CALIFORNIA STREET,SAN FRANCISCO,CA,94111
FL,CIRCLE CITGO INC,2107 EAST FOWLER AVE,TAMPA,FL,33612
FL,"CIRCLE INTERNET FINANCIAL, LLC",1 LINCOLN STREET,BOSTON,MA,02111
FL,CITRUS MULTISERVICES INC.,3100 MILLER AVENUE,LAKE PLACID,FL,33852
FL,"CLEVA PAYMENTS, INC.",945 MARKET STREET SUITE 501,SAN FRANCISCO,CA,94103
FL,"COINBASE, INC.",1 FRONT STREET,SAN FRANCISCO,CA,94111
FL,COINME INC.,255 S KING ST.,SEATTLE,WA,98104
FL,COINMORTGAGE INC.,200 SOUTH ANDREWS AVE,FORT LAUDERDALE,FL,33301
FL,"COINZOOM, INC.",4640 S. HOLLADAY VILLAGE PLAZA,SALT LAKE CITY,UT,84117
FL,"COMDATA TN, INC.",5301 MARYLAND WAY,BRENTWOOD,TN,37027
FL,"COMPASS PAYMENT SOLUTIONS, LLC",4700 MILLENIA BLVD,ORLANDO,FL,32839
FL,CONCENTRIX HEALTHCARE SERVICES LLC,201 EAST FOURTH STREET,CINCINNATI,OH,45202
FL,"CONVERA USA, LLC",7979 E. TUFTS AVE,DENVER,CO,80237
FL,COOPER BLAZER INC.,2160 NORTH CENTRAL ROAD,FORT LEE,NJ,07024
FL,COUNTRY CORNER GROCERY INC,17743 CENTRAL BLVD.,JUPITER,FL,33458
FL,CRE CONSULTING GROUP INC.,9836 SW GLENBROOK DR,PORT ST. LUCIE,FL,34987
FL,CREATIVE SOLUTIONS SOFTWARE CORP,880 TECHNOLOGY DR,ANN ARBOR,MI,48108
FL,CREDENCE BEGGS MART INC,5500 BEGGS RD,ORLANDO,FL,32810
FL,"CROSS OCEAN FINANCE, LLC",800 SE 4TH AVE UNIT 612,HALLANDALE BEACH,FL,33009
FL,"CRYPTESCROW, INC.",17070 COLLINS AVENUE,SUNNY ISLES BEACH,FL,33160
FL,"CSG FORTE PAYMENTS, INC.",2121 PROVIDENCE DR,FORT WORTH,TX,76106
FL,CT PAYER LLC,100 S. ASHLEY DRIVE,TAMPA,FL,33602
FL,CUBAMAX TRAVEL INC,4380 WEST 12TH AVE,HIALEAH,FL,33012
FL,CURIARA FINANCIAL SERVICES INC.,8504 NW 66 STREET,MIAMI,FL,33166
FL,CURRENCIES DIRECT INC,4700 MILLENIA BOULEVARD,ORLANDO,FL,32839
FL,CURRENCY COM US LLC,101 HUDSON STREET,JERSEY CITY,NJ,07302
FL,"CURRENCY COMMERCE, LLC",4546 BARCLAY DRIVE,DUNWOODY,GA,30338
FL,CURRENCY EXCHANGE INTERNATIONAL CORP,6649 WESTWOOD BLVD,ORLANDO,FL,32821
FL,D T NUMBER ONE INC.,8257-6 NORMANDY BLVD,JACKSONVILLE,FL,32221
FL,"D&D BUSINESS SOLUTIONS, INC.",2751 W ATLANTIC BLVD. #101,POMPANO BEACH,FL,33069
FL,D.F. COMMERCIAL LLC,511 S ORANGE BLOSSOM TRAIL,APOPKA,FL,32703
FL,D1 TECHNOLOGIES INCORPORATED,2525 PONCE DE LEON BOULEVARD,"CORAL GABLES, FL 331",FL,33134
FL,"DANDELION PAYMENTS, INC.",7000 VILLAGE DRIVE,BUENA PARK,CA,90621
FL,"DANDO Y DANDO EXPRESS, LLC","622 W JEFFERSON ST, SUITE A",QUINCY,FL,32351
FL,DARTMOUTH CAPITAL LLC,1 BOSTON PLACE,BOSTON,MA,02108
FL,DD INVESTMENTS OF SEFFNER INC,11305 US HIGHWAY 92,SEFFNER,FL,33584
FL,DEEP CORPORATION OF CENTRAL FLORIDA,210 HWY 17 N,BARTOW,FL,33830
FL,DEEPFI LLC,3105 NW 107 TH AVE,DORAL,FL,33172
FL,DENISE SORGEN,10120 S.W. 3RD ST,PLANTATION,FL,33324
FL,DIGITAL WALLET US LLC,315 MONTGOMERY ST,SAN FRANCISCO,CA,94104
FL,DISCOVERY SATELLITE SYSTEMS CORP,3172 SE DIXIE HWY,STUART,FL,34997
FL,"DOLEX DOLLAR EXPRESS, INC.",10777 WESTHEIMER RD,HOUSTON,TX,77042
FL,DONIELIC JEWELRY & PAWN SHOP INC.,4052 W 12 AVE,HIALEAH,FL,33012
FL,DPAYMENTS LLC,100 SE SECOND STREET,MIAMI,FL,33131
FL,DYC INNOVATIONS LLC,5201 WATERFORD DISTRICT DRIVE,MIAMI,FL,33126
FL,EBAY COMMERCE INC.,2065 HAMILTON AVENUE,SAN JOSE,CA,95125
FL,EDIMAR SERVICES INC.,128 S DIXIE HWY,LAKE WORTH,FL,33460
FL,EL AGUILA INC,27121 OLD 41 RD,BONITA SPRINGS,FL,34135
FL,EL CHINO GOOD FORTUNE LLC,1818 W MEMORIAL BLVD,LAKELAND,FL,33815
FL,EL LATINO MULTISERVICIOS INC,524 M.L.K JUNIOR BLVD EAST,BELLE GLADE,FL,33430
FL,EL MARIACHI LOCO INC,6350 15TH ST E,SARASOTA,FL,34243-3201
FL,EL PRIMO SUPERMARKET INC.,625 NE PARK ST.,OKEECHOBEE,FL,34972
FL,EL QUETZAL CORP,3842 PALM BEACH BLVD,FORT MYERS,FL,33916
FL,EL RANCHO MEXICANO INC,4085 SR 60 W,MULBERRY,FL,33860
FL,EMBER BROOK RETAIL LLC,2655 N ORANGE BLOSSOM TRAIL,KISSEEMEE,FL,34744
FL,ENIGMA MARKETS INC.,401 NORTH MICHIGAN AVENUE,CHICAGO,IL,60611
FL,ENKO'S FINANCIAL LLC,4 S PINE STREET,FELLSMERE,FL,32948
FL,"ENTRATAPAY, LLC",4205 N. CHAPEL RIDGE ROAD,LEHI,UT,84043
FL,ENVI LATINOS CORP,752 W. FLAGLER ST,MIAMI,FL,33130
FL,ESMAIL FOOD & FUEL CORP,9595 W ATLANTIC AVENUE,DELRAY BEACH,FL,33446
FL,ESSENTIAL FINANCIAL INVESTMENTS CORP,565 SAMPLE RD,POMPANO BEACH,FL,33064
FL,"ETHOS PAYMENT SOLUTIONS, INC.",370 W LAS COLINAS BLVD,IRVING,TX,75039
FL,ETORO USA LLC,368 9TH AVENUE,NEW YORK,NY,10001
FL,EURO EXCHANGE CORP,242 NE 1ST STREET,MIAMI,FL,33132
FL,"EVERI MTL, LLC","7250 S. TENAYA WAY, SUITE 100",LAS VEGAS,NV,89113
FL,EVERI PAYMENTS INC.,7250 S. TENAYA WAY,LAS VEGAS,NV,89113
FL,EXITO JC INC,258 WASHINGTON AVE,HOMESTEAD,FL,33030
FL,EXPENSIFY PAYMENTS LLC,401 SW 5TH AVENUE,PORTLAND,OR,97204
FL,EZ PRIZE 1 INC,4035 W OAK RIDGE RD,ORLANDO,FL,32809-3604
FL,"EZMART, INC",4601 POWERLINE ROAD,OAKLAND PARK,FL,33309
FL,EZREMIT LLC,2505 PLEASANTDALE ROAD,ATLANTA,GA,30340
FL,FACC SERVICES GROUP LLC,3544 MACLAY BLVD,TALLAHASSEE,FL,32312
FL,FAIROUZ INVESTMENT INC,4100 W OAKLAND PARK BLVD,LAUDERDALE LAKES,FL,33313
FL,"FALCONX DELTA, INC.",1850 GATEWAY DRIVE,SAN MATEO,CA,94404
FL,FAST PAYDAY LOANS INC,5675 WEST FLAGLER STREET,MIAMI,FL,33134
FL,FAST SUPER ENVIOS CORP,12555 COLLIER BLVD UNIT 4,NAPLES,FL,34116
FL,FASTERPAY INC,3305 SPRING MOUNTAIN ROAD,LAS VEGAS,NV,89102
FL,FASTEST SERVICES LLC,1271 SOUTH MILITARY TRAIL,WEST PALM BEACH,FL,33415
FL,FELIX TECHNOLOGIES INC.,201 SOUTH BISCAYNE BOULEVARD,MIAMI,FL,33131
FL,"FIDDLEHEAD INVESTMENTS, INC.",5237 SUMMERLIN COMMONS BLVD,FT MYERS,FL,33907
FL,FIESTA CHECK CASHING LLC,1512 NW 19TH STREET,FORT LAUDERDALE,FL,33311
FL,FIESTA CHECKS & MORE LLC,10530 ROSEMARY DR,BONITA SPRINGS,FL,34135
FL,FIESTA FOOD MARKET II INC,1249 W. SUNRISE BLVD.,FT. LAUDERDALE,FL,33311
FL,FIESTA SUPERMARKET CORPORATION,4130 HWY 17 N,BOWLING GREEN,FL,33834
FL,FIG LOANS TEXAS LLC,2245 TEXAS DRIVE,SUGAR LAND,TX,77479
FL,FIGURE PAYMENTS CORPORATION,650 CALIFORNIA ST,SAN FRANCISCO,CA,94108
FL,"FINXERA, INC.",2001 WESTSIDE PARKWAY,ALPHARETTA,GA,30004
FL,FIREBLOCKS LLC,101 FEDERAL STREET,BOSTON,MA,02110
FL,FLAMINGO FINANCIAL SERVICES PLUS INC.,3171 WEST BROWARD BLVD,FORT LAUDERDALE,FL,33312
FL,FLEXA INC.,"167 N GREEN ST, 4TH FLOOR",CHICAGO,IL,60607
FL,FLORIDA CURRENCY EXCHANGE CORP.,250 WESTSHORE PLAZA,TAMPA,FL,33609
FL,FLYWIRE GLOBAL CORP.,141 TREMONT STREET,BOSTON,MA,02111
FL,"FOLMAR GUN & PAWN, INC",808 N MONROE STREET,TALLAHASSEE,FL,32303
FL,FOR DEPOSIT ONLY CORP,3235 NW 32 AVE #103,MIAMI,FL,33142
FL,"FORIS DAX, INC.",110 N COLLEGE AVE,TYLER,TX,75702
FL,"FRANCHISE NETWORK DELRAY BEACH, INC.",3300 N. STATE ROAD 7,LAUDERDALE LAKES,FL,33319
FL,FRANKY'S EFECTIVO CORP,12344 S.W. 127 AVENUE,MIAMI,FL,33186
FL,FREDS MOBILE CHECK CASHING LLC,3401 BROADWAY,RIVIERA BEACH,FL,33404
FL,FRIENDLY CHECK CASHING INC,540 E. 6TH STREET,PANAMA CITY,FL,32401-3025
FL,FRISCO FINANCIAL LLC,6303 POWERLINE RD,FORT LAUDERDALE,FL,33309
FL,FRUTILANDIA GROCERY INC,15515 SW WARFIELD BLVD,INDIANTOWN,FL,34956
FL,"G & W GROUP, INC.",1217 AIRPORT RD.,NAPLES,FL,34104
FL,G. R. CORPORATION OF LAKE WORTH,625 SO. DIXIE HWY,LAKE WORTH,FL,33460
FL,GALAXYONE PRIME LLC,101 HUDSON ST.,JERSEY CITY,NJ,07302
FL,GALLART INVESTMENT INC,7850 N. W. 74TH STREET,MEDLEY,FL,33166-2314
FL,"GARDA CL FLORIDA, LLC",2000 NW CORPORATE BOULEVARD,BOCA RATON,FL,33431
FL,"GATE US, INC.",5201 GREAT AMERICA PKWY,SANTA CLARA,CA,95054
FL,"GEMINI MOONBASE, LLC",360 NW 27TH STREET,MIAMI,FL,33127
FL,GIACAMAN INC,11014 WILES RD,CORAL SPRINGS,FL,33076
FL,"GIANT SUPERMARKET, LLC",1774 SR 70 WEST,OKEECHOBEE,FL,34972
FL,GILBERT'S JEWELERS & GIFTS INC,200 SW 1ST ST,BELLE GLADE,FL,33430
FL,GIROSOL CORP.,16666 NE 19TH AVE,NORTH MIAMI BEACH,FL,33162
FL,"GLOBAL MARKET BUSINESS USA, INC",278-282 NE 1ST ST,MIAMI,FL,33132
FL,GLOBAL MONEY EXPRESS CORP,1067 SW 8TH ST,MIAMI,FL,33130
FL,GLOVAL INC,11330 N.W. 36TH TERRACE,MIAMI,FL,33178
FL,GOCARDLESS INC.,111 CONGRESS AVENUE,AUSTIN,TX,78701
FL,"GOLDEN MONEY TRANSFER, INC",45 PROSPECT STREET,CAMBRIDGE,MA,02139
FL,GOOGLE PAYMENT CORP.,1600 AMPHITHEATRE PARKWAY,MOUNTAIN VIEW,CA,94043
FL,GPD HOLDINGS LLC,433 W. VAN BUREN STREET,CHICAGO,IL,60607
FL,GREEN DOT LLC,"17 20TH STREET NORTH, SUITE 30",BIRMINGHAM,AL,35203
FL,"GSC ENTERPRISES, INC.",1301 MAIN ST,SULPHUR SPRINGS,TX,75482-2601
FL,GSR DIGITAL LLC,101 HUDSON STREET,JERSEY CITY,NJ,07302
FL,"GT GENERAL SERVICES, LLC",750 S OLD DIXIE HWY,JUPITER,FL,33458
FL,GUAVAPAY USA LLC,175 OLDE HALF DAY ROAD,LINCOLNSHIRE,IL,60069
FL,"GULF MANAGEMENT SYSTEMS, INC.",3001 EASTLAND BLVD,CLEARWATER,FL,33761
FL,GURU MEHR LLC,5428 CLEVELAND RD,JACKSONVILLE,FL,32209
FL,"GUSTO, INC.",525 20TH STREET,SAN FRANCISCO,CA,94107
FL,HALA MART INC,3067 S JOG ROAD,GREENACRES,FL,33467
FL,HASSAN BROTHERS INC,2300 S ANDREWS AVE,FT LAUDERDALE,FL,33316
FL,HIALEAH GC1 LLC,548 E COMMERCIAL BLVD,OAKLAND PARK,FL,33334
FL,HISPANIC UNION CORP,14501 TAMIAMI TRAIL E,NAPLES,FL,34114
FL,"HONG LAN SERVICES, INC.",9113 BOLSA AVE,WESTMINSTER,CA,92683
FL,"HOPPER MONEY (USA), INC.",265 FRANKLIN STREET,BOSTON,MA,02110
FL,I SHREE ENTERPRISES LLC,2001 S FRENCH AVENUE,SANFORD,FL,31771
FL,IBI ARMORED SERVICES INC,37-06 61ST ST,WOODSIDE,NY,11377
FL,"IBI INTERNATIONAL LOGISTICS, INC.",7421 N.W. 7TH STREET,MIAMI,FL,33126
FL,"IDT PAYMENT SERVICES, INC.",520 BROAD STREET,NEWARK,NJ,07102
FL,IMAYAXIL CORP,7250 WEST 24 AVENUE BAY 23,HIALEAH,FL,33016
FL,"IMPERIAL BEAUTY, INC.",2617 PRESIDENT BARACK OBAMA HY,RIVIERA BEACH,FL,33404
FL,"INCOMM FINANCIAL SERVICES, INC",2525 WILLIAMS ROAD,COLUMBUS,GA,31909
FL,"INMAR SERVICES, LLC",ONE WEST FOURTH STREET,WINSTON-SALEM,NC,27101
FL,"INOVA PAYROLL, LLC","3360 ENTERPRISE AVE, SUITE 150",WESTON,FL,33331
FL,"INSIGHT CAPITAL, LLC",2312 E. TRINITY MILLS ROAD,CARROLLTON,TX,75006
FL,"INTER & CO PAYMENTS, INC.","501 BRICKELL KEY DRIVE, # 202",MIAMI,FL,33131
FL,"INTER GLOBAL LEGAL, PLLC",1430 S DIXIE HWY SUITE 314,CORAL GABLES,FL,33146
FL,"INTERCAMBIO EXPRESS, INC.",426 N. MAIN ST,ELKHART,IN,46516
FL,INTERCREDIT INC,7270 NW 12TH ST,MIAMI,FL,33126
FL,"INTERMEX WIRE TRANSFER, LLC",9100 S. DADELAND BLVD,MIAMI,FL,33156
FL,INTERNATIONAL PAYOUT SYSTEMS INC.,540 NE 4TH STREET,FORT LAUDERDALE,FL,33301
FL,INTERNATIONAL XPRESS CORP,2619 S. ORLANDO DRIVE,SANFORD,FL,32773
FL,"INTERNET ESCROW SERVICES, INC.","SUITE 650,",SAN FRANCISCO,CA,94104
FL,INTUIT PAYMENTS INC.,2700 COAST AVENUE,MOUNTAIN VIEW,CA,94043
FL,INTXPAY INC.,19790 W DIXIE HWY,MIAMI,FL,33180
FL,INVERSIONES CAMAPOPO LLC,6874 W FLAGLER ST,MIAMI,FL,33144
FL,"INX DIGITAL, INC.",525 WASHINGTON BLVD,JERSEY CITY,NJ,07310
FL,IVA MAR ENTERPRISES INC,400 W INDIANTOWN RD,JUPITER FL,FL,33458
FL,J & V FOOD STORE INC,10696 BISCAYNE BLVD,JACKSONVILLE,FL,32218
FL,"JAGUEYCH, LLC",7465 SW 8 STREET,MIAMI,FL,33144
FL,JAI SRI RAM INC,370 S WICKHAM RD,W MELBOURNE,FL,32904
FL,JAJU ENTERPRISES LLC,2844 SW PORT SAINT LUCIE BLVD,PORT SAINT LUCIE,FL,34953
FL,"JALLOUK, INC",504 SE MARTIN LUTHER KING BLVD,STUART,FL,34994
FL,JARIS CORP,3650 US-27,SEBRING,FL,33870
FL,"JAVE GROUP, LLC",918 NE 62ND STREET,OAKLAND PARK,FL,33334
FL,JAY JAGDISH INC,2801 SR 17 N,SEBRING,FL,33870
FL,JENNA CC INC,5361 N DIXIE HWY,POMPANO BEACH,FL,33064
FL,"JHA MONEY CENTER, INC.",663 W. HIGHWAY 60,MONETT,MO,65708
FL,JN MONEY SERVICES (USA) INC.,3895 NW 24TH STREET,LAUDERDALE LAKES,FL,33311
FL,JNBC LLC,3575 SE SALERNO RD,STUART,FL,34997
FL,JPAY LLC,10981 MARKS WAY,MIRAMAR,FL,33025
FL,KABAYAN CAPITAL (USA) LLC,18952 MACARTHUR BOULEVARD,IRVINE,CA,92612
FL,"KALBAS, INC.",1500 SW 30TH AVE,BOYNTON BEACH,FL,33426
FL,KASHPAY LLC,125 E PINE ST,ORLANDO,FL,32801
FL,"KATAY #8, INC.",201 SE 24TH AVENUE,POMPANO BEACH,FL,33062
FL,KATBLACK LLC,552 CASSAT AVE,JACKSONVILLE,FL,32254
FL,KAYANDRE MULTI SERVICES LLC,4945 S ORANGE BLOSSOM TRAIL,ORLANDO,FL,32839
FL,"KEEFE COMMISSARY NETWORK, LLC",10880 LINPAGE PLACE,ST. LOUIS,MO,63132
FL,KIWI FINANCIAL GROUP INC.,3390 MARY ST,COCONUT GROVE,FL,33133
FL,"KIWI FINANCIAL, INC",33 CALLE RESOLUCION,SAN JUAN,PR,00920
FL,KLARNA INC.,800 N. HIGH STREET,COLUMBUS,OH,43215
FL,KRISHNA FINANCIAL INC,605 SW MAIN BLVD,LAKE CITY,FL,32025
FL,KWIK DOLLAR LLC,5851 SAN FELIPE ST.,HOUSTON,TX,77057
FL,KWIK MONEY SERVICES INC,540 NE 44TH ST,POMPANO BEACH,FL,33064
FL,KWIK STOP CHECK CASHING LLC,2581 EAST 8TH AVE,HIALEAH,FL,33013
FL,KWIK STOP EAST INC,2101 E COMMERCIAL BLVD,FT LAUDERDALE,FL,33308
FL,LA COSTA STORE CORP,3863 BAYSHORE DRIVE,NAPLES,FL,34112
FL,LA FERIA LLC,4528 PALM BEACH BLVD,FORT MYERS,FL,33905
FL,LA PAISA MONEY TRANSFER INC,3905 W DAVIE BLVD,FORT LAUDERDALE,FL,33312
FL,"LA PRIMAVERA SUPERMARKET, INC.",903 N WASHINGTON BLVD,SARASOTA,FL,34236
FL,LAKE WORTH FINANCIAL INC,400 S DIXIE HWY SUITE # 4,LAKE WORTH,FL,33460
FL,LAKEVIEW CASH LLC,1808 AIRPORT RD S,NAPLES,FL,34112
FL,LAMCO LATIN AMERICAN MARKETING COMPANY,50 GIRALDA AVENUE,CORAL GABLES,FL,33134
FL,LAS TRES BANDERAS 2 INC,397 E MAIN ST UNIT A,APOPKA,FL,32703
FL,LAS TRES BANDERAS 3 INC,2374 W OAK RIDGE RD,ORLANDO,FL,32809
FL,LATITUDE PAYMENTS INC.,1401 LAKE PLAZA DRIVE,SPRING,TX,77389
FL,LENLYN LIMITED,3600 NW 42ND AVENUE,MIAMI,FL,33122
FL,LEU FINANCIALS LLC,3300 W 84TH STREET,HIALEAH,FL,33018
FL,"LIGHTSPARK PAYMENTS, LLC",3233 S. LA CIENEGA BLVD.,LOS ANGELES,CA,90016
FL,LINCOLN EXCHANGE & GIFTS LLC,1633 WASHINGTON AVENUE,MIAMI BEACH,FL,33139
FL,LITE FINTECH LLC,255 GIRALDA AVENUE 5TH FLOOR,CORAL GABLES,FL,33134
FL,LITTLE MEXICO OF OCALA LLC,125 NW 110TH AVE,OCALA,FL,34482
FL,"LL PAY U.S., LLC",666 THIRD AVENUE,NEW YORK,NY,10017
FL,LOAN SERVICES LLC,4481 LAKE WORTH RD,LAKE WORTH,FL,33461
FL,"LOOMIS ARMORED US, LLC",2500 CITYWEST BLVD,HOUSTON,TX,77042-3032
FL,LOOMIS INTERNATIONAL (US) LLC.,12800 NW SOUTH RIVER DRIVE,MEDLEY,FL,33178
FL,LOS AMIGOS INC,1600  MISSOURI AVE N SUITE 110,LARGO,FL,33770
FL,LYONS XPRESS INC.,26 WILSON AVENUE,NEWARK,NJ,07105
FL,M T CONSULTING LLC,3666 TAMIAMI TRL,PORT CHARLOTTE,FL,33952
FL,"M-NET INTERNATIONAL, INC.",3440 HOLLYWOOD BOULEVARD,HOLLYWOOD,FL,33021
FL,M. I. FINANCING LLC,3771 S. MILITARY TRAIL,GREEN ACRES,FL,33463
FL,"M.M.B. ENTERPRISES,INC.",2360 SE RIVERGATE PKWY,PT ST LUCIE,FL,34952
FL,MAHALAXMI CORPORATION,2461 HANSON STREET,FT MYERS,FL,33901-7343
FL,MAHALAXMI GROCERY INC,1380 LAKE BRADFORD RD,TALLAHASSEE,FL,32304
FL,MAHANT ENTERPRISES LLC,227 SOUTH STATE ROAD 7,MARGATE,FL,33068
FL,MAJESTIC INC. OF AUSTRALIAN AVE,1245 25TH STREET,WEST PALM BEACH,FL,33407
FL,MAJORITY PAYMENT SERVICES LLC,128 NW 28TH STREET,MIAMI,FL,33127
FL,MANELIZ LLC,9125 TAFT STREET,HOLLYWOOD,FL,33024
FL,MASTERCARD TRANSACTION SERVICES (US) LLC,150 FIFTH AVENUE,NEW YORK,NY,10011
FL,MAXITRANSFERS LLC,222 W LAS COLINAS BLVD,IRVING,TX,75039
FL,MDSN ENTERPRISES INC,4180 S JOG RD,LAKE WORTH,FL,33467
FL,ME INVESTMENT GROUP CORP,3091 LAKE WORTH RD,PALM SPRINGS,FL,33461
FL,MEGA MERCADO LLC,2009 GEORGE JENKINS BLVD,LAKELAND,FL,33815
FL,MELIO SOLUTIONS INC.,124 E. 14TH STREET,NEW YORK,NY,10003
FL,"MEMO FINANCIAL SERVICES AMERICA, INC.",1029 MUMMA ROAD,WORMLEYSBURG,PA,17043
FL,"MERCARI, INC.",3000 EL CAMINO REAL,PALO ALTO,CA,94306
FL,"MERIDIAN PAYMENTS UNITED STATES, INC.",3840 LOQUAT AVE,MIAMI,FL,33131
FL,META PAYMENTS INC.,1 META WAY,MENLO PARK,CA,94025
FL,"METALLICUS, INC.",1429 ROLLINS ROAD,BURLINGAME,CA,94010
FL,MEXICO LINDO GROCERY LLC,949 SOUTH MAIN STREET,BELLE GLADE,FL,33430
FL,MEXLAND CORPORATION,906 E MYERS BLVD,MASCOTTE,FL,34753
FL,"MEZU (NA), INC.",1040 S GAYLORD ST,DENVER,CO,80209
FL,MI PAIS EXPRESS INC,3301 BROADWAY AVE,WEST PALM BEACH,FL,33407-4837
FL,"MIDFLORIDA  ARMORED AND ATM SERVICES, INC",4314 W MLK BLVD,TAMPA,FL,33614
FL,MILANESE GROUP INC,3400 CORAL WAY,MIAMI,FL,33145
FL,"MILO PAYMENTS, LLC",545 NW 26TH ST,MIAMI,FL,33127
FL,MIO TRANSFERS LLC,323 SUNNY ISLES BLVD,MIAMI,FL,33160
FL,MMFL FLORIDA LLC,4209 W HWY 98,PANAMA CITY,FL,32401
FL,MOCTEZUMA ENVIOS INC,19784 SW 177TH AVE,MIAMI,FL,33187-2633
FL,"MONEX, INC.",1101 K ST NW,WASHINGTON,DC,20005
FL,MONEY WAVE CORP,1720 HARRISON ST STE 18B,HOLLYWOOD,FL,33020
FL,MONEYCORP US INC.,1 PARK ROW,PROVIDENCE,RI,02903
FL,"MONEYGRAM PAYMENT SYSTEMS, INC.",1550 UTICA AVENUE SOUTH,MINNEAPOLIS,MN,55416
FL,"MONEYTKA, LLC",4830 W PARK ROAD,HOLLYWOOD,FL,33021
FL,MONEYTUN LLC,3651 LINDELL ROAD,LAS VEGAS,NV,89103
FL,MONEYWAYS LLC,2700 GLADES CIRCLE,FORT LAUDERDALE,FL,33327
FL,MOODY HARB SERVICES INC,1330 S FEDERAL HWY,DEERFIELD BCH,FL,33441
FL,MOOMOO CRYPTO INC.,185 HUDSON STREET,JERSEY CITY,NJ,07311
FL,MOON INC.,864 SPRING ST. NW,ATLANTA,GA,30308
FL,MOONPAY USA LLC,520 BROADWAY,NEW YORK,NY,10013
FL,MR 99 CENTS II INC.,1811 LAKE TRAFFORD ROAD,IMMOKALEE,FL,34142
FL,MS SECURITIES GROUP LLC,1711 AMAZING WAY,OCOEE,FL,34761
FL,MSB SERVICE AND SOLUTIONS LLC,1870 NW BOCA RATON BLVD,BOCA RATON,FL,33482
FL,MSB USA INC,500 N CENTRAL EXPRESSWAY,PLANO,TX,75074
FL,MTFX USA INC.,"2500 PLAZA 5, 25TH FLOOR",JERSEY CITY,NJ,07311
FL,MUBARAK TRADING CORPORATION INC,727 MAYFLOWER AVE,FORT WALTON BEACH,FL,32547
FL,MURLIDHAR INC,809 N MAIN STREET,GAINESVILLE,FL,32601
FL,MUSI ENTERPRISES INC,1003 NW 3RD AVE,MIAMI,FL,33136
FL,"MUTHANA, INC.",1002 NW PARK STREET,OKEECHOBEE,FL,34972
FL,MVP MOTORS INC.,1900 N WASHINGTON BLVD,SARASOTA,FL,34234
FL,"MYGUARD, LLC",7805 GUNN HIGHWAY,TAMPA,FL,33626
FL,"MYWALLETGURU, LLC",2719 HOLLYWOOD BLVD #173,HOLLYWOOD,FL,33020
FL,NATIONAL CHECK CASHING OF PENSACOLA INC,4806 MOBILE HWY SUITE A,PENSACOLA,FL,32506
FL,"NATIONWIDE SERVICES US, LLC",925 N CENTRAL AVENUE,UMATILLA,FL,32784
FL,NAVRO PAYMENTS USA LLC,"1000 N.WEST STREET, SUIT 1200",WILMINGTON,DE,19901
FL,NAYA FINANCIAL LLC,2143 N SR 7,MARGATE,FL,33063
FL,NETSPEND CORPORATION,"701 BRAZOS STREET, SUITE 1200",AUSTIN,TX,78701
FL,"NIC SERVICES, LLC",7701 COLLEGE BOULEVARD,OVERLAND PARK,KS,66210
FL,NILKANTH LINK INC,118  N W US HWY 19,CRYSTAL RIVER,FL,34428
FL,"NORTH CREEK GROUP, LLC",1 ALHAMBRA PLAZA,CORAL GABLES,FL,33134
FL,NSAA SERVICES LLC,1601 W COPANS RD,POMPANO BEACH,FL,33064
FL,NSMA INC,501 W. LANTANA ROAD,LANTANA,FL,33462-2827
FL,NUEVO MUNDO COMPANY,9702 SW 40TH STREET,MIAMI,FL,33165
FL,NUMMI LLC,11098 BISCAYNE BLVD,NORTH MIAMI,FL,33161
FL,NUVEI US LLC,1375 N SCOTTSDALE RD,SCOTTSDALE,AZ,85257
FL,NYDIG EXECUTION LLC,ONE VANDERBILT AVE.,NEW YORK,NY,10017
FL,O & J INC,306 NEW MARKET RD,IMMOKALEE,FL,34142
FL,OA GLOBAL PAYMENTS LLC,14800 QUORUM DRIVE,DALLAS,TX,75254
FL,"OG FINANCIAL, LLC",1339 NW 40TH AVENUE,LAUDERHILL,FL,33313
FL,OHEE & MAHEE INC,4721 PALM BEACH BLVD,FORT MYERS,FL,33905
FL,"OKEY D, INC.",2121 N OCEAN BLVD,POMPANO BEACH,FL,33062
FL,OKX INC.,160 W. SANTA CLARA ST.,SAN JOSE,CA,95113
FL,OMNEX GROUP INC.,580 SYLVAN AVENUE,ENGLEWOOD CLIFFS,NJ,07632
FL,OMR USA SERVICE INC,6500 W. 4 AVENUE SUITE 14,HIALEAH,FL,33012
FL,ONE STOP RETAIL INC,439 SE 2ND STREET,BELLE GLADE,FL,33430
FL,ONE WAY TRADING INC,519 US HIGHWAY 41 BYPASS N,VENICE,FL,34285
FL,OPEXCHANGE MSB LLC,"175 SW 7TH STREET, SUITE 1909",MIAMI,FL,33130
FL,"OROKII, INC.",56 WELLINGTON RD,EAST BRUNSWICK,NJ,08816
FL,"ORTIZ 9, LLC",1214 ORTIZ AVENUE,FORT MYERS,FL,33905
FL,OTCIS LLC,2980 NE 207TH ST - SUITE 332,AVENTURA,FL,33180
FL,"OWLTING USA, INC.",4250 NORTH FAIRFAX DRIVE,ARLINGTON,VA,22203
FL,PADMAJAI INC,1409 SOUTH ADAMS STREET,TALLAHASSEE,FL,32301
FL,PAGOTRONIC LLC,5798 SW 68 ST,MIAMI,FL,33143
FL,PALACE NEWS AGENCY INC,8050 N ATLANTIC AVE,CAPE CANAVERAL,FL,32920
FL,PALMNCRILL ENTERPRISE INC.,3200 CRILL AVE,PALATKA,FL,32177
FL,"PANGEA USA, LLC",175 W. JACKSON BLVD,CHICAGO,IL,60604
FL,PARK OIL COMPANY,447 E. MAIN STREET,TUPELO,MS,38804
FL,"PATRIOT PAY, LLC","4883 DRESSLER RD. NW, STE. 100",CANTON,OH,44718
FL,PAYCHEX HOLDINGS LLC,911 PANORAMA TRAIL SOUTH,ROCHESTER,NY,14625
FL,PAYMENT PROGRESS LLC,12 BROAD STREET,RED BANK,NJ,07701
FL,"PAYNEARME MT, INC.",5201 GREAT AMERICA PARKWAY,SANTA CLARA,CA,95054
FL,PAYONEER INC.,195 BROADWAY FL 27,NEW YORK,NY,10007
FL,"PAYPAL, INC.",2211 N FIRST ST,SAN JOSE,CA,95131
FL,PAYPASS LLC,501 E KENNEDY BLVD,TAMPA,FL,33602
FL,PAYPOOL LLC,4747 BETHESDA AVENUE,BETHESDA,MD,20814
FL,PAYSEND US LLC,801 BRICKELL AVE,MIAMI,FL,33131
FL,"PAYWARD INTERACTIVE, INC.",106 E. LINCOLN WAY,CHEYENNE,WY,82001
FL,PEPE'S HACIENDA & RESTAURANT DUPONT CORP,3615 DUPONT AVE SUITE 900,JACKSONVILLE,FL,32217
FL,"PETRA FOOD & SERVICES, INC",1943 W SILVER SPRINGS BLVD,OCALA,FL,34475
FL,PINGPONG GLOBAL SOLUTIONS INC,27 W 24TH ST,NEW YORK,NY,10010
FL,PIONEX INC.,500 COLLEGE ROAD EAST,PRINCETON,NJ,08540
FL,PLACID NK CORPORATION,7210 37TH AVENUE,JACKSON HEIGHTS,NY,11372
FL,PLAZA MEXICO INC,3061 RIFLE RANGE RD,WINTER HAVEN,FL,33880
FL,"PNB REMITTANCE CENTERS, INC.",225 W. BROADWAY,GLENDALE,CA,91204
FL,"POPULUS FINANCIAL GROUP, INC.",300 E. JOHN CARPENTER FWY,IRVING,TX,75062
FL,POR NADA INC,1025 DREXEL RD,WEST PALM BEACH,FL,33417
FL,POSSIBLE FINANCIAL INC.,1425 4TH AVE,SEATTLE,WA,98101
FL,PREMIER CASHING LLC,"3923 LAKE WORTH ROAD, #204",LAKE WORTH,FL,33461
FL,PRESIDENTE CHECK CASHING CORPORATION,1817 S.W. 8TH STREET,MIAMI,FL,33135
FL,"PRESTO CHECK CASHING & MULTI-SERVICES, LLC",632  BELVEDERE ROAD,WEST PALM BEACH,FL,33405
FL,PRIMA'S STORE INC,6980 STATE RD 60 W,MULBERRY,FL,33860
FL,PRIYAL INC,1018 JONES RD,JACKSONVILLE,FL,32220
FL,"PROCORE PAYMENT SERVICES, INC.",6309 CARPINTERIA AVENUE,CARPINTERIA,CA,93013
FL,"PROVENANCE TECHNOLOGIES, INC.",650 CALIFORNIA STREET,SAN FRANCISCO,CA,94108
FL,QUICK CHECK CASHING CORP,24848 SW 177TH AVE,HOMESTEAD,FL,33031
FL,QUICK MART ENTERPRISES INC,2030 E FLETCHER AVE,TAMPA,FL,33612
FL,QUICKYPAY LLC,12114 SW 114 PL,MIAMI,FL,33176
FL,RAFE BROS LLC,4050 NE EUCALYPTUS BLVD,LABELLE,FL,33935
FL,RAFIQ OF TALLAHASSEE INC,1437 FL GA HWY,HAVANA,FL,32333
FL,"RAM PAYMENT, LLC",412 N. CEDAR BLUFF ROAD,KNOXVILLE,TN,37923
FL,RAMALLAH INC,6270 FOREST HILL BLVD,GREEN ACRES,FL,33415
FL,RAMP PAYMENTS CORPORATION,28 WEST 23RD STREET,NEW YORK,NY,10010
FL,"RANCHITO MART, INC.",102 NEW MARKET RD EAST,IMMOKALEE,FL,34142
FL,"RAPID CASH, LLC",626 N ALAFAYA TRAIL,ORLANDO,FL,32828
FL,RAPIDO & FACIL EXCHANGE CO,7711 W HILLSBOROUGH AVE,TAMPA,FL,33615
FL,"RAY'S MARKET, INC.",1707 NW 6TH STREET,FORT LAUDERDALE,FL,33311
FL,"RDRA SERVICES, INC.",1251 E. SAMPLE ROAD,POMPANO BEACH,FL,33064
FL,REAL TIME FINANCIAL SERVICES LLC,100 SE 2ND STREET STE 2000,MIAMI,FL,33131
FL,REALNET PAYMENTS LLC,8500 GOVERNOR'S HILL DRIVE,CINCINNATI,OH,45249
FL,REALPAGE PAYMENTS SERVICES LLC,2201 LAKESIDE BLVD.,RICHARDSON,TX,75082
FL,"RED LEAF CHICAGO, LLC",225 W WACKER DR,CHICAGO,IL,60606
FL,REDLAND GROCERY INC,26400 SW 187 AVE,HOMESTEAD,FL,33031
FL,"REEMO SERVICES CC, INC.",1879 W WOOLBRIGHT ROAD,BOYNTON BEACH,FL,33426
FL,"REMITLY, INC.",401 UNION STREET,SEATTLE,WA,98101
FL,RHINO BUSINESS GROUP LLC,1599 WEST FLAGLER ST,MIAMI,FL,33135
FL,RIEDEL & VOGEL SCHUH LLC,999 BRICKELL BAY DR SUITE #703,MIAMI,FL,33131
FL,RIPPLE MARKETS DE LLC,600 BATTERY ST,SAN FRANCISCO,CA,94111
FL,"RIPPLING PAYMENTS, INC.",430 CALIFORNIA STREET,SAN FRANCISCO,CA,94104
FL,RISE WORKS LICENSING LLC,28500 MILES RD. SUITE P,SOLON,OH,44139
FL,RIVER FINANCIAL INC.,80 E RICH ST,COLUMBUS,OH,43215
FL,"ROBINHOOD CRYPTO, LLC",85 WILLOW ROAD,MENLO PARK,CA,94025
FL,"ROBINHOOD MONEY, LLC",85 WILLOW RD,MENLO PARK,CA,94025
FL,"ROCKITCOIN, LLC",325 WEST HURON STREET,CHICAGO,IL,60654
FL,ROJA BD ENTERPRISES INC.,13493 W. HWY 328,OCALA,FL,34482
FL,ROSA INVESTMENTS & MANAGEMENT INC,1951 W COPANS RD,POMPANO BEACH,FL,33064
FL,ROY AT 11825 INC,11825 COLLIER BLVD,NAPLES,FL,34116
FL,S & H FOOD MANAGEMENT INC,2175 10TH AVE N,LAKE WORTH,FL,33461
FL,S & S US ENTERPRISES INC,2805 NE 2ND AVE,MIAMI,FL,33137
FL,"S & W PAYROLL SERVICES, L.L.C",1155 HWY 190 E SERVICE ROAD,COVINGTON,LA,70433
FL,"SABAT BROTHER'S, INC.",2001 NW BOCA RATON BLVD,BOCA RATON,FL,33431-7403
FL,SABORES LATINOS COMPANY INC,15488 SW WARFIELD BLVD,INDIANTOWN,FL,34956
FL,SADIA PETRO ONE INC,4843 PALM BEACH BLVD,FT MYERS,FL,33905
FL,"SAIGON CENTRAL POST, INC.",9455 BOLSA AVE,WESTMINSTER,CA,92683
FL,"SAINATH SERVICES, INC.",2900 W JACKSON ST,PENSACOLA,FL,32505
FL,SAM'S DISCOUNT FOOD INC,2662 APOPKA BLVD,APOPKA,FL,32703
FL,SANI 15 LLC,2121 US HWY 98 N,LAKELAND,FL,33805-2868
FL,SDM USA INC.,SUITE 2735,MIAMI,FL,33131
FL,SENDSPRINT INC.,999 RIVERVIEW DRIVE SUITE 201,TOTOWA,NJ,07512
FL,SEREEN INC,301 W ATLANTIC AVE R1,DELRAY BEACH,FL,33444
FL,SERVI AMERICA INC,328 WASHINGTON AVE,HOMESTEAD,FL,33030
FL,"SERVICIO UNITELLER, INC.",218 ROUTE 17 N,ROCHELLE PARK,NJ,07662
FL,SHAKA EXPRESS CORP.,2828 JOHN F KENNEDY BLVD.,JERSEY CITY,NJ,07306
FL,SHASHI BALA KHIRBAT INC,201 N HWY 27,LADY LAKE,FL,32159
FL,SHOPIFY FINANCIAL SERVICES INC.,85 10TH AVE,NEW YORK,NY,10011
FL,SHRIJINALAY LLC,1996 HAMILTON AVE,JENNINGS,FL,32053
FL,SHRISAI OF TALLAHASSEE INC,25 1/2 RIVER PARK DR,MIDWAY,FL,32343
FL,SIDHHI INC OF TALLAHASSEE,500 E ORANGE AVE,TALLAHASSEE,FL,32301
FL,SIR INVESTMENTS INC,1000 MASSACHUSETTS AVE,ST CLOUD,FL,34769-3732
FL,"SKRILL USA, INC.",5335 GATE PARKWAY,JACKSONVILLE,FL,32256
FL,SMART TRANSFER SOLUTIONS LLC,121 ALHAMBRA PLAZA,CORAL GABLES,FL,33134
FL,"SMITH'S GROCERY & DELI, INC.",829 STATE RD 17 N,LAKE HAMILTON,FL,33851
FL,SOLCAP SERVICES LLC,800 BRICKELL AVE. 4TH FLOOR,MIAMI,FL,33131
FL,SONALI EXCHANGE CO. INC.,31-10 37TH AVENUE,LONG ISLAND CITY,NY,11101
FL,SOUTH EXCHANGE INC,1111 BRICKELL AVE,MIAMI,FL,33131
FL,"SPECTRUM GLOBAL PAYMENT SOLUTIONS, INC.","2200 POST OAK BLVD.,",HOUSTON,TX,77056
FL,"SPEEDY CASH, INC.",4329 BLANDING BLVD.,JACKSONVILLE,FL,32210
FL,SPEEDY CHECK CASHING INC,8560 49TH STREET NORTH,PINELLAS PARK,FL,33781
FL,SPEEDY MART INC,502 SE MARTIN LUTHER KING JR B,STUART,FL,34994
FL,"SPOT HOLDINGS FLA, LLC",1111 OAKFIELD DRIVE,BRANDON,FL,33511
FL,SRC CON LLC,4196 LAKE WORTH ROAD,LAKE WORTH,FL,33461
FL,"STEP-IN FOOD MART, INC.",4039 US HWY 90 W,LAKE CITY,FL,32055
FL,STONEX PAYMENT SERVICES LTD.,333 SE 2ND AVE,MIAMI,FL,33131
FL,"STOREPAY, INC.",541 JEFFERSON AVE,REDWOOD CITY,CA,94063
FL,STRIPE PAYMENTS COMPANY,354 OYSTER POINT BOULEVARD,SOUTH SAN FRANCISCO,CA,94080
FL,STUART DISCOUNT BEVERAGE INC,3335 S.E. DIXIE HIGHWAY,STUART,FL,34997
FL,"SUPER RANCHITO #2, LLC.",3320 US HWY 17 S,ZOLFO SPRINGS,FL,33890
FL,SURYA ONE LLC,27301 OLD US 41 RD SE,BONITA SPRINGS,FL,34135
FL,"SYSTEM PAY SERVICES (US), INC.",365 TONI STONE XING,SAN FRANCISCO,CA,94158
FL,TABAPAY PAYMENT SERVICES LLC,450 CAMBRIDGE AVE,PALO ALTO,CA,94306
FL,TALINO DIGITAL SOLUTIONS INC,429 LENOX AVENUE,MIAMI,FL,33139
FL,TANHA & PREET INC,355 KNOX MCRAE DR,TITUSVILLE,FL,32780
FL,TAPTAP SEND PAYMENTS CO.,1450 BROADWAY,NEW YORK,NY,10018
FL,TASO GROUP LLC,9130 NW SOUTH RIVER DRIVE,MEDLEY,FL,33166
FL,"TECH FRIENDS, INC.",2622 COMMERCE DR.,JONESBORO,AR,72401
FL,"TELEGIRO, INC.",11401 SW 40TH ST,MIAMI,FL,33165
FL,TERRA PAYMENT SERVICES USA LLC,"1111 BRICKELL AVE, 10TH FLOOR",MIAMI,FL,33131
FL,THE MONEY CENTER OF DAVIE INC,4124 DAVIE RD,DAVIE,FL,33314
FL,THE MONEY STOP CENTER LLC,4120 CLEVELAND AVE,FT MYERS,FL,33901
FL,THUNES FINANCIAL SERVICES LLC,2 EMBARCADERO CENTER,SAN FRANCISCO,CA,94111
FL,TIAGN I INC,864 SPRING ST NW,ATLANTA,GA,30308
FL,TIENDA EL CASTILLO INC,1315 LANE AVENUE SOUTH,JACKSONVILLE,FL,32205
FL,TIERRA MEXICANA INC,4311 STATE RD 574,PLANT CITY,FL,33563
FL,"TIP TOP CHECK CASHING, INC",410 E SAMPLE RD,POMPANO BEACH,FL,33064
FL,"TIPALTI, INC.",1051 E. HILLSDALE,FOSTER CITY,CA,94404
FL,TJC DISTRIBUTING INC.,1780 AUBURN RAVINE RD.,AUBURN,CA,95603
FL,TKR PETROLEUM LLC,"3501 OLD WINTER GARDEN ROAD,",ORLANDO,FL,32805
FL,TMCS SERVICE CORP,3619 WEBBER ST,SARASOTA,FL,34232
FL,TOAST PROCESSING SERVICES LLC,333 SUMMER STREET,BOSTON,MA,02210
FL,"TOUCHPAY HOLDINGS, LLC",10005 TECHNOLOGY BLVD. WEST,DALLAS,TX,75002
FL,"TRANSFERMATE, INC.",IDA BUSINESS & TECHNOLOGY PARK,KIKKENNY,ZZ,
FL,"TREASURY VAULT, LLC.",4161 N THANKSGIVING WAY STE 30,LEHI,UT,84043
FL,TRILLION CAPITAL MARKETS INC.,1001 BRICKELL BAY DR,MIAMI,FL,33131
FL,TRINITY EXPRESS SERVICES CORP,11375 TAMIAMI TRAIL E,NAPLES,FL,34113
FL,TRIPLE A TECHNOLOGIES INC.,4000 HOLLYWOOD BLVD,HOLLYWOOD,FL,33021
FL,"TRUSTLY, INC.",535 MISSION STREET,SAN FRANCISCO,CA,94105
FL,TTS FINANCIAL LLC,11104 SW 184TH STREET,MIAMI,FL,33157
FL,TUBBY'S DRIVE THRU INC,6980 MCNAB ROAD,TAMARAC,FL,33321
FL,U.S. MONEY EXPRESS COMPANY,5395 N MILWAUKEE AVE,CHICAGO,IL,60630
FL,"U.S. PAYMENTS, LLC",7130 S. LEWIS AVE,TULSA,OK,74136-5492
FL,"UNCHAINED TRADING, LLC",601 CONGRESS AVE,AUSTIN,TX,78701
FL,UNIVERSITY AMOCO QUICK MART INC.,2202 E FLETCHER AVE,TAMPA,FL,33612
FL,UNO MULTISERVICIOS INC,19150 ACORN RD UNIT1,FORT MYERS,FL,33967
FL,UPHOLD HQ INC.,90 NEW MONTGOMERY STREET,SAN FRANCISCO,CA,94105
FL,URO R&J LLC,200 NE 1ST ST,MIAMI,FL,33132
FL,USFOREX INC.,49 STEVENSON ST,SAN FRANCISCO,CA,94105
FL,"UZIO TECHNOLOGY, INC.",1107 DAPPLE GREY CT.,GREAT FALLS,VA,22066
FL,"VA-CUBA, INC",2994 NW 7TH STREET,MIAMI,FL,33125
FL,"VALUE EXCHANGE SOLUTIONS, INCORPORATED","7901 4TH ST N, STE 300",SAINT PETERSBURG,FL,33702
FL,"VCB MONEY, INC.",12112 BROOKHURST ST,GARDEN GROVE,CA,92840
FL,VEEM PAYMENTS INC.,1160 BATTERY ST. EAST,SAN FRANCISCO,CA,94111
FL,"VERITAS AEQUITAS MONEY SERVICES, INC.",2655 LE JEUNE ROAD,CORAL GABLES,FL,33134
FL,VIAMERICAS CORPORATION,2100 PONCE DE LEON BOULEVARD,CORAL GABLES,FL,33134
FL,VIAUD INC,2124 AIRPORT RD S,NAPLES,FL,34112
FL,VIGIA ENTERPRISES INC,606 FOREST HILL BLVD,WEST PALM BEACH,FL,33405-4565
FL,VIRTU FINANCIAL SINGAPORE PTE. LTD.,"C/O VIRTU FINANCIAL, INC.",NEW YORK,NY,10019
FL,VISA GLOBAL SERVICES INC.,900 METRO CENTER BLVD.,FOSTER CITY,CA,94404
FL,VIVE LLC,2085 W HIGHLAND ST,LAKELAND,FL,34641-3605
FL,VIX ENTERPRIZE INCORPORATED,8612 W STATE RD 84,DAVIE,FL,33324
FL,VOLTCASH INC,1390 BRICKELL AVENUE,MIAMI,FL,33131
FL,WAHNETA DISCOUNT FOODS INC,3301 RIFLE RANGE RD,WINTER HAVEN,FL,33880
FL,"WAUCHULA SUPERMARKET, INC.",1915 US HWY 17 N,WAUCHULA,FL,33873
FL,WE DONT FIT N LLC,181 RARDIN AVE,PAHOKEE,FL,33476
FL,WEBULL PAY LLC,200 CARILLON PKWY SUITE 150,SAINT PETERSBURG,FL,33716
FL,"WESTERN UNION FINANCIAL SERVICES, INC.",7001 E. BELLEVIEW AVE.,DENVER,CO,80237
FL,"WESTERN UNION INTERNATIONAL SERVICES, LLC",7001 E BELLEVIEW AVE.,DENVER,CO,80237
FL,WESTGATE MARKET INC,5205 LAKE WORTH RD,GREENACRES,FL,33463
FL,"WISDOMTREE DIGITAL MOVEMENT, INC.",250 W 34TH STREET,NEW YORK,NY,10119
FL,WISE US INC.,30 W 26TH ST.,NEW YORK,NY,10010
FL,"WOODEN HOUSES, INC",9560 SW 137TH AVE,MIAMI,FL,33186
FL,WORLD BNOTES EXCHANGE INC,2100 NW 42ND AVENUE,MIAMI,FL,33122
FL,WORLDREMIT CORP.,100 HANO ST.,ALLSTON,MA,02134
FL,X PAYMENTS LLC,1450 PAGE MILL RD.,PALO ALTO,CA,94304
FL,"XCHANGE OF AMERICA, INC.",819 SOUTH FEDERAL HWY,STUART,FL,34994
FL,XTRANSFER INC,14 WALL STREET,NEW YORK,NY,10005
FL,Y.N.P. INC,10400 SW 186TH TERRACE,CUTLER BAY,FL,33157
FL,"YAPSTONE, INC.",700 LARKSPUR LANDING CIR,LARKSPUR,CA,94939
FL,"YARDI PAYMENTS, LLC",430 SOUTH FAIRVIEW AVENUE,SANTA BARBARA,CA,93117
FL,"YASMEEN GROUP, INC",2000 NORTH DIXIE HWY # 8,LAKE WORTH,FL,33460
FL,"YAZEN MINI MARTS, INC",6100 WASHINGTON ST,HOLLYWOOD,FL,33023
FL,YOGI'S FOOD AND DISCOUNT BEVERAGE INC,6850 N ATLANTIC AVE,CAPE CANAVERAL,FL,32920
FL,YOGIBAPA LLC,615 W DAUGHTERY RD,LAKELAND,FL,33809
FL,"YUANSFER, INC",40 WALL STREET,NEW YORK,NY,10005
FL,ZAIN R CORPORATION,1070 W SAMPLE RD,POMPANO BEACH,FL,33064
FL,"ZAP SOLUTIONS, INC.",200 NORTH LASALLE ST,CHICAGO,IL,60601
FL,ZEROHASH LLC,609 W. RANDOLPH ST.,CHICAGO,IL,60661
FL,ZPAYS INC,2700 GLADES CIR,WESTON,FL,33327
MS,"ACI Payments, Inc. 6060",Coventry Drive,Elkhorn NE,,68022
MS,"Affirm Payments, LLC 650",California Street 12th Floor,San Francisco CA,,94108
MS,AFRICA REMITTANCE COMPANY LLC 2828,JOHN F KENNEDY BOULEVARD SUITE 203,JERSEY CITY NJ,,07306
MS,"Airbnb Payments, Inc. 888",Brannan Street 4th Floor,San Francisco CA,,94103
MS,"Airwallex US, LLC 188","Spear Street, 9th Floor",San Francisco CA,,94105
MS,"AllPaid, Inc. 7820","Innovation Blvd, Ste 250",Indianapolis IN,,46278
MS,Alpaca Crypto LLC 3,East Third Avenue Suite 214,San Mateo CA,,94401
MS,"Amazon Payments, Inc. 410",Terry Ave N,Seattle WA,,98109
MS,American Express Prepaid Card Management Corporation 18850,North 56th Street,Phoenix AZ,,85054
MS,"American Express Travel Related Services Company, Inc. 200",Vesey Street,New York NY,,10285
MS,"ANH MINH MONEY TRANSFER,INC. 9211","BOLSA AVE., #104",WESTMINSTER CA,,92683
MS,Apple Payments Inc. 6900,W. Parmer Lane Office No. AC1-2225,Austin TX,,78729
MS,Asure Operations LLC 405,Colorado Street Suite 1800,Austin TX,,78701
MS,"AUS Merchant Services, Inc. 525",Almanor Avenue,Sunnyvale CA,,94085-3542
MS,"AvidXchange, Inc. 1210",AvidXchange Lane,Charlotte NC,,28206
MS,"Bakkt Crypto Solutions, LLC 10000",Avalon Boulevard Suite 1000,Alpharetta GA,,30009
MS,BAM Trading Services Inc. 252,"NW 29th Street 9th Floor, Suite 905",Miami FL,,33127
MS,"BARRI MONEY SERVICES, LLC 10777",Westheimer Rd. Suite 1040,Houston TX,,77042
MS,Bastion Platforms US LLC 1999,"S. Bascom Avenue Suite 700, Office 727",Campbell CA,,95008
MS,Beeso Corp. 2626,E. 82nd St. Suite 101,Bloomington MN,,55425
MS,"Betrlink, LLC 222",Broadway Fl 19,New York NY,,10038
MS,"Bill.com, LLC 6220",America Center Drive Suite 100,San Jose CA,,95002
MS,"BillGO MT, Inc. 3003",E. Harmony Rd. 5th Floor,Fort Collins CO,,80528
MS,"bitFlyer USA, Inc. 548","Market St, #25696",San Francisco CA,,94104
MS,"BitPay, Inc. 1201",W Peachtree St NW Ste 2625,Atlanta GA,,30309-3499
MS,"BitRail, LLC 1240",Tangelo Terrace STE B11,Delray Beach FL,,33444
MS,"Bitstamp USA, Inc. 27",Union Square West Suite 205,New York NY,,10003
MS,Bivo Inc. 14551,La Rinconada Drive,Los Gatos CA,,95032
MS,"Blackhawk Network California, Inc. 6220",Stoneridge Mall Road,Pleasanton CA,,94588
MS,"Block, Inc. 1955",Broadway Suite 600,Oakland CA,,94612
MS,"Blockchain.com, Inc. 230",NW 24th St Suite 701,Miami FL,,33127
MS,BNXA USA MTL Inc. 1,"East Liberty Street, Office 16, Suite 600",Reno NV,,89501
MS,Booking Holdings Financial Services USA LLC 3010,LBJ Freeway Suite 1512,Dallas TX,,75234
MS,Brale Inc. 1301,"Locust St., Suite C",Des Moines IA,,50309
MS,CAMBRIDGE MERCANTILE CORP. (U.S.A.) 1350,Broadway Suite 810,New York NY,,10018
MS,CFX Labs Inc. 2045,"W Grand Ave, Ste B, PMB 71816",Chicago IL,,60612
MS,Check Payments LLC 36,East 20th Street Suite 500,New York NY,,10003
MS,CHECKBOOK PAYMENT HOLDINGS INC. 1850,Gateway Dr. Ste 125,SAN MATEO CA,,94404
MS,CheckFreePay Corporation 2900,Westside Parkway,Alpharetta GA,,30004
MS,"Checkout US, INC. 40",10th Avenue 4th Floor,New York NY,,10014
MS,"Chime Payments, Inc. 101","California Street, Suite 500",San Francisco CA,,94111
MS,"Circle Internet Financial, LLC 99",High Street Suite 1701,Boston MA,,02110
MS,Citcon USA LLC 3975,Freedom Circle Suite 870,Santa Clara CA,,95054
MS,"Coinbase, Inc. 55","Hudson Yards 550 West 34th Street, 4th Floor",New York NY,,10001
MS,Coinme Inc. 3120,139th Ave. SE Suite 05-119,Bellevue WA,,98005
MS,"Comdata TN, Inc. 5301",Maryland Way,Brentwood TN,,37027
MS,"Convera USA, LLC 7979",E. Tufts Ave Suite 200,Denver CO,,80237
MS,Cooper Blazer Inc. 2160,N Central Road Suite 203D,Fort Lee NJ,,07024
MS,Creative Solutions Software Corp. 880,Technology Dr Suite D,Ann Arbor MI,,48108
MS,"CSG Forte Payments, Inc. 2121","Providence Dr., Suite 151,",Fort Worth TX,,76106
MS,"CTC Commissary, LLC 1670",St. Lucy Street,Bossier City LA,,71111
MS,"Dandelion Payments, Inc. 7000","Village Drive, Suite 200",Buena Park CA,,90621
MS,DPAYMENTS LLC 433,Central Avenue Suite 400,St. Petersburg FL,,33701
MS,DVTR Inc. 6,Carr. 696 Suite 4a,Dorado PR,,00646
MS,eBay Commerce Inc. 2065,Hamilton Avenue,San Jose CA,,95125
MS,"Eco Payments, Inc. 240",Elm Street 2nd Floor,Somerville MA,,02144
MS,"EntrataPay, LLC 4205",N Chapel Ridge Rd,Lehi UT,,84043
MS,"Ethos Payment Solutions, Inc. 370",W Las Colinas Blvd Ste 108,Irving TX,,75039
MS,eToro USA LLC 221,River St. 9th Floor,Hoboken NJ,,07030
MS,"EVERI MTL, LLC 7250",S. Tenaya Way Suite 100,Las Vegas NV,,89113
MS,Expensify Payments LLC 401,SW 5th Ave,Portland OR,,97204
MS,"FalconX Delta, Inc. 1850",Gateway Drive 6th Floor,San Mateo CA,,94404
MS,Figure Payments Corporation 650,California St Suite 2700,San Francisco CA,,94108
MS,"Finxera, Inc. 2001",Westside Parkway Suite 155,Alpharetta GA,,30004
MS,Fireblocks LLC 225,Franklin St. Suite 1705,Boston MA,,02110
MS,Flexa Inc. 154,"W. 14th Street, 3rd floor",New York NY,,10011
MS,"Flutterwave Payments, LLC 9100","S. Dadeland Blvd. Suite 1500, Office No. 1517",Miami FL,,33156
MS,Flywire Global Corp. 141,"Tremont St, 10th floor",Boston MA,,02111
MS,"Foris DAX, Inc. 110",N College Ave Suite 500,Tyler TX,,75702
MS,Fortress Trust LLC 10845,Griffith Peak Dr. Suite 200A,Las Vegas NV,,89135
MS,GalaxyOne Prime LLC 101,Hudson Street Suite 2166,Jersey City NJ,,07302
MS,"Gate US, Inc. 33",S Wood Ave Suite 600,Iselin NJ,,08830
MS,"Gemini Trust Company, LLC 315",Park Avenue South 18th Floor,New York NY,,10010
MS,Girosol Corp. 16666,NE 19 Avenue Suite 102,North Miami Beach FL,,33162
MS,"Golden Money Transfer, Inc. 45",Prospect Street Suite 201,Cambridge MA,,02139
MS,Google Payment Corp. 1600,Amphitheatre Parkway,Mountain View CA,,94043
MS,Green Dot Corporation 114,W 7th Street Suite 240,Austin TX,,78701
MS,"GSC Enterprises, Inc. 1301",Main Street,Sulphur Springs TX,,75482
MS,GUAVAPAY USA LLC 175,Olde Half Day Road Suite 140-17,Lincolnshire IL,,60069
MS,"Gusto, Inc. 525",20th Street,San Francisco CA,,94107
MS,"HONG LAN SERVICES, INC. 9113",BOLSA AVE #122,WESTMINSTER CA,,92683
MS,"Hopper Money (USA), Inc. 265",Franklin Street Suite 1702,Boston MA,,02110
MS,"IDT Payment Services, Inc. 520",Broad Street,Newark NJ,,07102
MS,"Incomm Financial Services, Inc. 2525",Williams Road,Columbus GA,,31909
MS,"Inmar Services, LLC One",West Fourth Street Suite 500,Winston-Salem NC,,27101
MS,"Inter & Co Payments, Inc. 501",Brickell Key Drive Suite # 202,Miami FL,,33131
MS,"Intercambio Express, Inc. 426",N. Main St.,Elkhart IN,,46516
MS,"Intermex Wire Transfer, LLC 9100",S. Dadeland Blvd Suite 1100,Miami FL,,33156
MS,"Internet Escrow Services, Inc. Suite",650 180 Montgomery Street,San Francisco CA,,94104
MS,Intuit Payments Inc. 2700,Coast Avenue,Mountain View CA,,94043
MS,"INX Digital, Inc. 9711",Washingtonian Blvd. Ste 550,Gaithersburg MD,,20878
MS,"JHA Money Center, Inc. 663",W. Highway 60,Monett MO,,65708
MS,JPay LLC 3450,"Lakeside Drive, Suite 100",Miramar FL,,33027
MS,"Keefe Commissary Network, L.L.C. 10880",Lin Page Place,Saint Louis MO,,63132
MS,Klarna Inc. 800,"N High Street Suite 04-121, 4th Floor",Columbus OH,,43215
MS,Kwik Dollar LLC 5851,San Felipe St. Suite 400,Houston TX,,77057
MS,Layer2 Financial Inc. 201,"S Biscayne Blvd, Suite 2800",Miami FL,,33131
MS,"LL Pay U.S., LLC 666","Third Avenue 6th Floor, Suite 615",New York NY,,10017
MS,Mastercard Transaction Services (US) LLC 150,Fifth Avenue,New York NY,,10011
MS,Maxitransfers LLC 222,W Las Colinas Blvd Suite 2000 N Tower,Irving TX,,75039
MS,"MEMO Financial Services America, Inc. 1029",Mumma Road,Wormleysburg PA,,17043
MS,"Mercari, Inc. 3101",Park Blvd. Suite 01-103,Palo Alto CA,,94306
MS,Meta Payments Inc. 1601,Willow Road,Menlo Park CA,,94025
MS,"Mezu (NA), Inc. 1040",South Gaylord St,Denver CO,,80209
MS,Monex Inc. 1101,K Street NW STE 600,Washington DC,,20005
MS,Moneycorp US Inc. 1,Park Row Suite 403,Providence RI,,02903
MS,Moneydart Global Services Inc. 33,Wood Avenue South Suite 668,Iselin NJ,,08830
MS,"MoneyGram Payment Systems, Inc. 1550",Utica Avenue South Suite 100,Minneapolis MN,,55416
MS,MOOMOO CRYPTO INC. 185,"Hudson Street, Suite 2601",Jersey City NJ,,07311
MS,Moon Inc. 864,Spring St NW,Atlanta GA,,30308
MS,MoonPay USA LLC 1111,"Brickell Avenue, 10th Floor",Miami FL,,33131
MS,MSB USA Inc 500,North Central Expressway Suite 500,Plano TX,,75074
MS,MTFX USA Inc. 2500,"Plaza 5, 25th Floor",Jersey City NJ,,07311
MS,"NIC Services, LLC 7701",College Boulevard,Overland Park KS,,66210
MS,"North American Money Order Company, Inc. 3570",Trotter Drive,Alpharetta GA,,30004
MS,Nuvei US LLC 1375,N Scottsdale Rd Suite 400,Scottsdale AZ,,85257
MS,NYDIG Execution LLC One,Vanderbilt Avenue 65th Floor,New York NY,,10017
MS,NYDIG Trust Company LLC One,Vanderbilt Avenue 65th Floor,New York NY,,10017
MS,"Omnex Group, Inc. 580",Sylvan Ave. Suite M-J,Englewood Cliffs NJ,,07632
MS,"Ouro Global, Inc. 10900-A","Stonelake Blvd., Suite 200",Austin TX,,78759
MS,"OwlTing USA, Inc. 4250","North Fairfax Drive, Suite 600",Arlington VA,,22203
MS,"Pangea USA, LLC 175",W. Jackson Blvd Suite 600,Chicago IL,,60604
MS,"PayNearMe MT, Inc. 5201",Great America Parkway Suite 320,Santa Clara CA,,95054
MS,Payoneer Inc. 195,Broadway 27th Floor,New York NY,,10007
MS,"PayPal, Inc. 2211",N. First Street,San Jose CA,,95131
MS,Paysend US LLC 801,Brickell Ave. 8th Floor,Miami FL,,33131
MS,"Payward Financial, Inc. 106",E. Lincolnway Fourth Floor,Cheyenne WY,,82001
MS,"Payward Interactive, Inc. 106","E. Lincolnway, 4th Floor",Cheyenne WY,,82001
MS,"Payward Ventures, Inc. 100",Pine St Suite 1250 A188,San Francisco CA,,94111
MS,PINGPONG GLOBAL SOLUTIONS INC 1510,Fashion Island Blvd. Suite 250,San Mateo CA,,94404
MS,Pionex Inc. 500,College Road East Suite 120,Princeton NJ,,08540
MS,"Ponto Software, Inc. 155",Montgomery St. Ste 700,San Francisco CA,,94104
MS,Premier Services LLC 2552,HWY 468 Suite A,Pearl MS,,39208
MS,"Provenance Technologies, Inc. 650",California Street Suite 07-126,San Francisco CA,,94108
MS,Puzzl Group Inc. 548,Market Street PMB 78725,San Francisco CA,,94104-5401
MS,"RAM Payment, LLC 412","N Cedar Bluff, Suite 400",Knoxville TN,,37923
MS,Ramp Payments Corporation 28,West 23rd Street Floor 2,New York NY,,10010
MS,RealNet Payments LLC 4900,W Brown Deer Road,Milwaukee WI,,53223
MS,RealPage Payments Services LLC 2201,Lakeside Boulevard,Richardson TX,,75082
MS,"Regent Customer Care, LLC 182",Bastille Lane,Ruston LA,,71270
MS,"Remitly, Inc. 1111",3rd Ave. 21st Floor,Seattle WA,,98101
MS,Ripple Markets DE LLC 315,Montgomery St 2nd Floor,San Francisco CA,,94104
MS,"Rippling Payments, Inc. 430",California Street Floor 11,San Francisco CA,,94104
MS,River Financial Inc. 80,E Rich St. Suite 600,Columbus OH,,43215
MS,"Robinhood Money, LLC 85",Willow Rd,Menlo Park CA,,94025
MS,"Rouse's Enterprises, L.L.C. 179",Rouses Drive,Schriever LA,,70395
MS,"S & W Payroll Services, L.L.C. 1155",Hwy 190 E Service Road Suite 2,Covington LA,,70433
MS,"Servicio UniTeller, Inc. 218",Route 17 North 4th Floor,Rochelle Park NJ,,07662
MS,Sigue Corporation P.O.,Box 750,San Fernando CA,,91340
MS,"Skrill USA, Inc. Town","Center Two, 5335 Gate Parkway 4th Floor",Jacksonville FL,,32256
MS,"Spectrum Global Payment Solutions, Inc. 16825","Northchase Drive, Suite 1525",Houston TX,,77060
MS,"Standard Custody & Trust Company, LLC 111",West 19th Street,New York NY,,10011
MS,Stardust Cards LLC 745,Distel Drive Suite 101,Los Altos CA,,94022
MS,Stripe Payments Company 354,Oyster Point Boulevard,South San Francisco CA,,94080
MS,"Tango Card, Inc. 4700",42nd Ave SW Suite 430a,Seattle WA,,98116
MS,TapTap Send Payments Co. 27,E 28th St Suite 15052,New York NY,,10016
MS,"Tech Friends, Inc. 2225",E. Highland Dr.,Jonesboro AR,,72401
MS,The Currency Cloud Inc. 277,"Park Avenue 50th Floor, Attn: Currencycloud Compliance",New York NY,,10172
MS,"TIAGN I, Inc. 864",Spring St NW,Atlanta GA,,30308
MS,Tilia LLC 945,Battery Street,San Francisco CA,,94111
MS,"Tipalti, Inc. 1051",E. Hillsdale Suite 600,Foster City CA,,94404
MS,Toast Processing Services LLC 515,"N. State Street, Floor 6",Chicago IL,,60654-4825
MS,"TouchPay Holdings, LLC 10005","Technology Boulevard West, Suite 130",Dallas TX,,75220
MS,"Transfermate, Inc. 5555",Glenridge Connector Suite 200,Atlanta GA,,30342
MS,"Trustly, Inc. 555","El Camino Real, Suite 200",San Carlos CA,,94070
MS,"U.S. Payments, LLC 7130",S. Lewis 10th Floor,Tulsa OK,,74136
MS,"Unchained Trading, LLC 601",Congress Ave Suite 200,Austin TX,,78701
MS,Uphold HQ Inc. 80,East Sir Francis Drake Boulevard Suite 3E,Larkspur CA,,94939
MS,Upwork Payments Inc. 475,Brannan Street Suite 430,San Francisco CA,,94107
MS,USForex Inc. 49,"Stevenson St., 13th Floor",San Francisco CA,,94105
MS,Valuable Capital Crypto LLC 100,"Spectrum Center Drive, Suite 750",Irvine CA,,92618
MS,"VCB MONEY, INC. 12112","Brookhurst Street, suite 11",Garden Grove CA,,92840
MS,Veem Payments Inc. 1160,Battery St. East Suite 100,San Francisco CA,,94111
MS,Viamericas Corporation 2100,Ponce De Leon Boulevard PH-2,Coral Gables FL,,33134
MS,Visa Global Services Inc. 900,Metro Center Blvd. Mailstop 1Z,Foster City CA,,94404
MS,"VoltCash, Inc. 1390",Brickell Avenue Suite 335,Miami FL,,33131
MS,Wave Financial USA Inc. 1550,Wewatta Street Suite 200,Denver CO,,80202
MS,Webull Pay LLC 200,Carillon Pkwy Suite 500,St. Petersburg FL,,33716
MS,"Western Union Financial Services, Inc. 7001",E BELLEVIEW AVE Mailstop: DTC 3,DENVER CO,,80237
MS,"Western Union International Services, LLC 7001",E Belleview Avenue Mailstop: DTC 3,Denver CO,,80237
MS,WEX Payments Inc. 1,Hancock Street,Portland ME,,04101
MS,"WisdomTree Digital Movement, Inc. 250",W 34th Street 3rd Floor,New York NY,,10119
MS,Wise US Inc. 30,"West 26th Street, 6th floor",New York NY,,10010
MS,WorldRemit Corp. 100,Hano St Ste. 9,Boston MA,,02134
MS,Wotransfer Fintech Inc 3001,Bishop Drive Suite 300,San Ramon CA,,94583
MS,X Payments LLC 1355,"Market Street, Suite 900",San Francisco CA,,94103
MS,"YapStone, Inc. 1902",Wright Place Suite 231,Carlsbad CA,,92008
MS,"Yardi Payments, LLC 430",South Fairview Ave.,Santa Barbara CA,,93117
MS,"Zap Solutions, Inc. 200",North LaSalle Street Suite 2360,Chicago IL,,60601
MS,"ZEBEDEE, LLC 50",Harrison St Ste 472,Hoboken NJ,,07030
MS,Zero Hash LLC 327,N Aberdeen St,Chicago IL,,60607-1202
AK,DBA / Trade Name,Business/Physical Address 575 5th Avenue Floor 14 Suite 14-107,,,
AK,"ACI Payments, Inc.","Elkhorn, NE 68022-6482 650 California Street 12th Floor",,,
AK,Management Corporation,200 Vesey Street,,,
AK,"Services Company, Inc.",6900 W Parmer Ln Office # AC1-2225,,,
AK,"AvidXchange, Inc","Charlotte, NC 28206-3560 Convene One Liberty Plaza - 1 Liberty St.",,,
AK,"Banana Pay, LLC","Minneapolis, MN 55404 10777 Westheimer Rd Suite 1040",,,
AK,"bitFlyer USA, Inc","San Francisco, CA 94104 101 S. Reid St Suite # 307 PMB #9793",,,
AK,"BitPay, Inc.","400 Alpharetta, GA 30022 1240 Tangelo Terrace STE B11",,,
AK,"Bitstamp USA, Inc.","Menlo Park, CA 94025 2947B Whipple Road Suite #125",,,
AK,"Blackhawk Network California, Inc. Five Back","Pleasanton, CA 94588 6220 Stoneridge Mall Road",,,
AK,USA LLC,"1301 Locust St., Suite C",,,
AK,CEX.IO Corp.,"Miami, FL 33131 36 East 20th Street Suite 500",,,
AK,CheckFreePay Corporation,"Alpharetta, GA 30004 BUSINESSES LISTING Business/Physical Address 40 10th Avenue 4th Floor",,,
AK,"Checkout US, INC.","New York, NY 10014 101 California Street, Suite 500",,,
AK,Currency Com US LLC Currency.com,"Jersey City, NJ 07302 7000 Village Dr Suite 200",,,
AK,"Dandelion Payments, Inc.","Buena Park, CA 90621-2232 7000 Village Dr Suite 200",,,
AK,"Ethos Payment Solutions, Inc. Ethos Pay","Irving, TX 75039 370 W Las Colinas Blvd Ste 108",,,
AK,"Flutterwave Payments, LLC","Miami, FL 33156 141 Tremont St, 10th floor",,,
AK,"Foris DAX, Inc.","Tyler, TX 75702 101 Hudson Street Suite 2166",,,
AK,GUAVAPAY USA LLC GUAVAPAY,"Lincolnshire, IL 60069 525 20th Street",,,
AK,"Intercambio Express, Inc.","Elkhart, IN 46516 9100 S. Dadeland Blvd Suite 1100",,,
AK,"Intermex Wire Transfer, LLC","Miami, FL 33156-2934 9100 S. Dadeland Blvd Suite 1100",,,
AK,"INX Digital, Inc. INX Crypto","Gaithersburg, MD 20878 9711 Washingtonian Blvd. Ste 550",,,
AK,Latitude Payments Inc.,"Spring, TX 77389 201 S Biscayne Blvd, Suite 2800",,,
AK,"Lightspark Payments, LLC","Los Angeles, CA 90016 666 Third Avenue 6th Floor, Suite 615",,,
AK,LLC,222 W Las Colinas Blvd Suite 2000,,,
AK,Meta Pyaments Inc.,"Menlo Park, CA 94025 1040 South Gaylord St",,,
AK,Monex Inc.,"Washington, DC 20005 BUSINESSES LISTING Business/Physical Address 56 Pine St. Ste. 600",,,
AK,Moneycorp US Inc.,"Providence, RI 02903-2819 1550 Utica Ave. S.",,,
AK,"Nium, Inc. Instarem","San Francisco, CA 94104 1375 N Scottsdale Rd Suite 400",,,
AK,NYDIG Execution LLC,"New York, NY 10017 One Vanderbilt Avenue 65th Floor",,,
AK,"Pangea USA, LLC","Chicago, IL 60604 12 Broad Street Suite 403",,,
AK,"Payoneer, Inc","New York, NY 10007 117 Barrow St",,,
AK,PingPong Global Solutions Inc.,"New York, NY 10010 7210 37th Avenue Unit C",,,
AK,"PNB Remittance Centers, Inc.","Glendale, CA 91204 101 Riverfront Boulevard Suite 300",,,
AK,RealPage Payments Services LLC,"Richardson, TX 75082-4305 401 Union St. Suite 1000",,,
AK,"S & W Payroll Services, L.L.C. Netchex","Covington, LA 70433 218 Route 17 North 4th Floor",,,
AK,"Skrill USA, Inc.","Jacksonville, FL 32256 2200 Post Oak Blvd Suite 2150",,,
AK,Inc.,333 SE 2nd Ave Suite 2100,,,
AK,TabaPay Payment Services LLC,"Palo Alto, CA 94306 1460 Broadway Suite 12021",,,
AK,"Tech Friends, Inc.","Jonesboro, AR 72401 BUSINESSES LISTING Business/Physical Address 2 Embarcadero Center 29th Floor – Suite",,,
AK,Thunes Financial Services LLC,"29-106 San Francisco, CA 94111 1051 E. Hillsdale Suite 600",,,
AK,"TouchPay Holdings, LLC htttp://www.connectnetwork.com","Dallas, TX 75220 10005 Technology Blvd W Suite 130",,,
AK,Uphold HQ Inc.,"Larkspur, CA 94939 49 Stevenson St. 13th Floor",,,
AK,Veem Payments Inc,"San Francisco, CA 94111 2100 Ponce De Leon Boulevard PH-2",,,
AK,Corporation,900 Metro Center Blvd. Mailstop 1Z,,,
AK,"Western Union Financial Services, Inc. Orlandi Valuta","Denver, CO 80237 7001 E Belleview Ave. MS: DTC 3",,,
AK,LLC,250 W 34th Street 3rd Floor,,,
AK,WorldRemit Corp. Zepz,"Boston, MA 02134 1355 Market St Suite 900",,,
